last_name,first_name,div,tourns,games,wins,losses
Ahonen,Minja,G17,1,3,0,3
Ala-Mikkula,Anni,G17,1,3,0,3
Autio,Kia,G17,1,3,0,3
Huhtinen,Inka,G17,1,3,0,3
Jokinen,Anni,G17,1,3,0,3
Kauppi,Hanna,G17,1,3,0,3
Orhanen,Saara,G17,1,3,0,3
Peltonen,Emma,G17,1,3,0,3
Rekola,Merituuli,G17,1,3,0,3
Riikonen,Sanni,G17,1,3,0,3
Rostén,Inka,G17,1,3,0,3
Rostén,Senni,G17,1,3,0,3
Saari,Salla,G17,1,3,0,3
Tamminen,Emilia,G17,1,3,0,3
Autio,Kia,G19,3,26,10,16
Malmström,Silja,G19,3,26,10,16
Rekola,Merituuli,G19,3,26,10,16
Seppänen,Elina,G19,3,26,10,16
Stenberg,Emmi,G19,3,26,10,16
Niini,Kata,G19,4,25,11,14
Kalliokoski,Terhi,G19,4,24,8,16
Pienihäkkinen,Laura,G19,3,22,3,19
Surakka,Susanna,G19,3,22,3,19
Virolainen,Mia,G19,3,22,3,19
Elonheimo,Marja,G19,3,20,6,14
Tarhanen,Nora,G19,2,20,6,14
Wuolamo,Jutta,G19,2,20,6,14
Koskenvuo,Mira,G19,3,19,5,14
Sandberg,Sanna,G19,3,19,5,14
Rentto,Olga,G19,2,19,2,17
Inkinen,Essi,G19,2,17,6,11
Mikonaho,Heini,G19,2,17,6,11
Yli-Kyyny,Elina,G19,2,17,6,11
Paunonen,Heidi,G19,2,17,5,12
Räsänen,Henna-Kaisa,G19,3,16,7,9
Sahlsten,Sonja,G19,3,16,7,9
Salonen,Noora,G19,3,16,7,9
Toivio,Susanna,G19,3,16,7,9
Leino,Sanna-Maija,G19,2,14,4,10
Lipiäinen,Anastasia,G19,1,11,2,9
Berg,Linda,G19,2,11,1,10
Heimo,Tinja,G19,2,11,1,10
Pekkala,Sannukka,G19,2,11,1,10
Valkola,Anni,G19,2,11,1,10
Haavisto,Jutta,G19,2,10,3,7
Hynninen,Viivi,G19,1,9,4,5
Kivistö,Mea,G19,1,9,4,5
Leino,Sanna,G19,1,9,4,5
Säyniö,Iida,G19,1,9,4,5
Väisänen,Manja,G19,1,9,4,5
Kallunki,Laura,G19,1,8,4,4
Kauppi,Hanna,G19,1,8,4,4
Mattila,Katri,G19,1,8,4,4
Niemi,Marja-Riitta,G19,1,8,4,4
Vanhanen,Annukka,G19,1,8,4,4
Lappalainen,Laura,G19,2,8,3,5
Rahnasto,Emmi,G19,2,8,3,5
Ala-Mikkula,Anni,G19,1,8,1,7
Huhtinen,Inka,G19,1,8,1,7
Jokinen,Anni,G19,1,8,1,7
Kauppi,Hanna,G19,1,8,1,7
Näsänen,Eevi,G19,1,8,1,7
Niemelä,Viivi,G19,1,8,1,7
Nissinen,Milla,G19,1,8,1,7
Orhanen,Saara,G19,1,8,1,7
Peltonen,Emma,G19,1,8,1,7
Reunanen,Hanna,G19,1,8,1,7
Riikonen,Sanni,G19,1,8,1,7
Saha,Sofia,G19,1,8,1,7
Tammilehto,Anna,G19,1,8,1,7
Tamminen,Emilia,G19,1,8,1,7
Hakkola,Terhi,G19,1,8,0,8
Känsälä,Aino,G19,1,8,0,8
Kuusivaara,Marina,G19,1,8,0,8
Lappalainen,Karoliina,G19,1,8,0,8
Makkonen,Ida,G19,1,8,0,8
Berg,Kirsi,G19,1,7,3,4
Haaramo,Eeva,G19,1,7,3,4
Kajamaa,Suvi,G19,1,7,3,4
Kaltula,Anu,G19,1,7,3,4
Laakso,Jenni,G19,1,7,3,4
Lehto,Tuuli,G19,1,7,3,4
Littunen,Jenni,G19,1,7,3,4
Lundström,Heli,G19,1,7,3,4
Maila,Reetta,G19,1,7,3,4
Namiq,Mihraban,G19,1,7,3,4
Nykänen,Soila,G19,1,7,3,4
Räike,Anna,G19,1,7,3,4
Salmikivi,Laura,G19,1,7,3,4
Suuripää,Riikka,G19,1,7,3,4
Tanskanen,Henna,G19,1,7,3,4
Tuokko,Riikka,G19,1,7,3,4
Forsman,Emmi,G19,1,6,4,2
Hiitola,Fiina,G19,1,6,4,2
Kojo,Heta,G19,1,6,4,2
Komulainen,Minna,G19,1,6,4,2
Laakkonen,Tiina,G19,1,6,4,2
Vuolamo,Jutta,G19,1,6,4,2
Hautamäki,Arttu,G19,2,6,1,5
Kolu,Nina,G19,1,5,3,2
Hovinen,Nadia,G19,1,3,1,2
Löytönen,Linnea,G19,1,3,1,2
Rajala,Liisi,G19,1,3,1,2
Roimela,Pasi,G19,1,3,1,2
Viljanen,Milla,G19,1,3,1,2
Linnala,Anne-Mari,G19,1,3,0,3
Väänänen,Saana,G19,1,3,0,3
Autio,Kia,G23,1,9,2,7
Inkinen,Essi,G23,1,9,2,7
Kivistö,Mea,G23,1,9,2,7
Kopola,Riinamari,G23,1,9,2,7
Leino,Maija,G23,1,9,2,7
Porvari,Jenna,G23,1,9,2,7
Purmonen,Sanna,G23,1,9,2,7
Rekola,Merituuli,G23,1,9,2,7
Salo,Anni,G23,1,9,2,7
Sariola,Raakel,G23,1,9,2,7
Surakka,Susanna,G23,1,9,2,7
Tarhanen,Nora,G23,1,9,2,7
Teräväinen,Terhi,G23,1,9,2,7
Viljanen,Milla,G23,1,9,2,7
Wuolamo,Jutta,G23,1,9,2,7
Yli-Kyyny,Elina,G23,1,9,2,7
Kuosmanen,Arttu,J17,2,15,11,4
Paunonen,Petteri,J17,2,15,11,4
Autio,Kia,J17,1,9,7,2
Kallio,Lassi,J17,1,9,7,2
Kokkonen,Konsta,J17,1,9,7,2
Lamberg,Eemi,J17,1,9,7,2
Malmström,Silja,J17,1,9,7,2
Nässi,Teemu,J17,1,9,7,2
Nykänen,Topi,J17,1,9,7,2
Päällysaho,Elias,J17,1,9,7,2
Sihvo,Jarno,J17,1,9,7,2
Tikander,Veikko,J17,1,9,7,2
Hakkola,Tero,J17,1,6,4,2
Kinnunen,Pekka,J17,1,6,4,2
Kuisma,Matias,J17,1,6,4,2
Malmström,Mikko,J17,1,6,4,2
Mykkänen,Ville,J17,1,6,4,2
Niemi,Tuomas,J17,1,6,4,2
Nieminen,Joni,J17,1,6,4,2
Ylä-Autio,Anton,J17,1,6,4,2
Rantalaiho,Juho,J19,6,50,21,29
Honkanen,Mika,J19,5,47,20,27
Suomalainen,Juha,J19,5,43,20,23
Kalliokoski,Teemu,J19,5,40,17,23
Nieminen,Niko,J19,5,40,17,23
Murkka,Juuso,J19,4,39,18,21
Nieminen,Olli,J19,4,36,15,21
Ranta,Pekka,J19,5,34,15,19
Kinnunen,Kimmo,J19,4,32,13,19
Bruns,Tomi,J19,4,31,13,18
Tiittanen,Paavo,J19,4,30,13,17
Kallio,Lassi,J19,4,29,17,12
Kokko,Juho,J19,3,29,14,15
Paanasalo,Mikko,J19,3,28,18,10
Kärkkäinen,Joakim,J19,4,28,17,11
Sihvo,Jarno,J19,3,26,17,9
Huhtala,Jyri,J19,3,24,11,13
Mykkänen,Ville,J19,3,24,11,13
Rämö,Ilkka,J19,3,24,11,13
Parpala,Matti,J19,3,24,10,14
Kuusakoski,Timo,J19,3,22,13,9
Elonheimo,Antti,J19,3,22,11,11
Hämäläinen,Hanne,J19,3,22,11,11
Härkönen,Heikki,J19,2,21,9,12
Karru,Kristian,J19,2,21,9,12
Karvonen,Sakari,J19,3,21,9,12
Littunen,Niko,J19,2,21,9,12
Makkonen,Tuomas,J19,3,21,9,12
Nuora,Aleksi,J19,2,21,9,12
Pesonen,Petteri,J19,3,21,9,12
Sandberg,Tomi,J19,3,20,12,8
Suormala,Mikko,J19,3,20,12,8
Pulakka,Juho,J19,2,19,10,9
Grym,Aleksi,J19,3,19,8,11
Hakkola,Tero,J19,2,18,14,4
Hotari,Roni,J19,2,18,14,4
Kokkonen,Konsta,J19,2,18,14,4
Päällysaho,Elias,J19,2,18,14,4
Paunonen,Petteri,J19,2,18,14,4
Ratilainen,Mickey,J19,2,18,14,4
Salo,Santeri,J19,2,18,14,4
Visuri,Ora,J19,2,18,14,4
Vaskio,Timo,J19,3,18,8,10
Nieminen,Joni,J19,2,17,11,6
Kokkonen,Tatu,J19,2,17,8,9
Visuri,Kerkko,J19,2,17,8,9
Keinänen,Jari,J19,2,16,8,8
Lindberg,Janne,J19,2,16,8,8
Kaakinen,Jukka,J19,2,16,7,9
Kalliokoski,Sami,J19,2,16,7,9
Lehto,Jani,J19,2,16,7,9
Oksanen,Jenni,J19,2,16,7,9
Siitonen,Juho,J19,2,16,7,9
Suominen,Jesse,J19,2,16,7,9
Tiittanen,Heikki,J19,2,16,7,9
Timperi,Henri,J19,2,16,7,9
Ylönen,Tommi,J19,2,16,7,9
Roimela,Pasi,J19,2,16,5,11
Härkönen,Markku,J19,2,15,8,7
Pitkänen,Mikko,J19,2,15,8,7
Ervamaa,Johannes,J19,2,14,8,6
Forsman,Niklas,J19,2,14,8,6
Taponen,Esa,J19,2,14,8,6
Ylä-Rautio,Jaakko,J19,2,14,8,6
Haaramo,Topi,J19,2,14,7,7
Kaakinen,Mikko,J19,2,14,7,7
Teirikangas,Miika,J19,2,14,7,7
Knuuttila,Anssi,J19,2,14,6,8
Dahlström,Petri,J19,2,13,4,9
Kerttula,Janne,J19,2,13,4,9
Luostarinen,Janne,J19,2,13,4,9
Ristaniemi,Juhani,J19,2,13,4,9
Virtala,Simo,J19,2,13,4,9
Kiiskinen,Ari,J19,2,11,5,6
Timperi,Janus,J19,1,11,5,6
Viikari,Juho,J19,1,11,5,6
Chen,Jim,J19,2,11,3,8
Härkönen,Aleksi,J19,2,11,3,8
Lehikoinen,Pekka,J19,2,11,3,8
Lehtinen,Tatu,J19,2,11,3,8
Mäkinen,Petri,J19,2,11,3,8
Rand,Tero,J19,2,11,3,8
Rantanen,Teemu,J19,2,11,3,8
Rintala,Joni,J19,2,11,3,8
Anderson,Thomas,J19,1,10,4,6
Järvinen,Kimmo,J19,1,10,4,6
Keinänen,Harri,J19,1,10,4,6
Mantere,Milla,J19,1,10,4,6
Niemelä,Mikko,J19,1,10,4,6
Niini,Ella,J19,1,10,4,6
Pekkala,Sami,J19,1,10,4,6
Sirviö,Antti,J19,1,10,4,6
Viitala,Mikko,J19,1,10,4,6
Willandt,Carl,J19,1,10,4,6
Koskela,Roni,J19,1,10,2,8
Kuvaja,George,J19,1,10,2,8
Merivirta,Elias,J19,1,10,2,8
Miettinen,Antti,J19,1,10,2,8
Myhrberg,Joonas,J19,1,10,2,8
Nagy,Arimo,J19,1,10,2,8
Nieminen,Peetu,J19,1,10,2,8
Ojala,Jesse,J19,1,10,2,8
Rekula,Henri,J19,1,10,2,8
Reunanen,Vappu,J19,1,10,2,8
Savolainen,Jerry,J19,1,10,2,8
Soini,Simo,J19,1,10,2,8
Vehtari,Jasu,J19,1,10,2,8
Veranen,Jali,J19,1,10,2,8
Videman,Emil,J19,1,10,2,8
Virtanen,Teemu,J19,1,10,2,8
Winqvist,Ilja,J19,1,10,2,8
Winqvist,Okko,J19,1,10,2,8
Harhala,Samppa,J19,1,9,9,0
Kinnunen,Pekka,J19,1,9,9,0
Knuuttila,Ville,J19,1,9,9,0
Nässi,Teemu,J19,1,9,9,0
Niemi,Tuomas,J19,1,9,9,0
Ylä-Autio,Anton,J19,1,9,9,0
Aalto,Verneri,J19,1,9,5,4
Järvi,Antti,J19,1,9,5,4
Järvi,Markus,J19,1,9,5,4
Lehtonen,Alexander,J19,1,9,5,4
Lehtonen,Timo,J19,1,9,5,4
Potrykus,Patrick,J19,1,9,5,4
Tikander,Veikko,J19,1,9,5,4
Valminen,Teemu,J19,1,9,5,4
Appelqvist,Lauri,J19,1,8,5,3
Granqvist,Tero,J19,1,8,5,3
Haapala,Pekka,J19,1,8,5,3
Hämäläinen,Antti,J19,1,8,5,3
Holopainen,Sami,J19,1,8,5,3
Hyttinen,Mika,J19,1,8,5,3
Mäenrinta,Heikki,J19,1,8,5,3
Makkula,Sami,J19,1,8,5,3
Seppälä,Jussi,J19,1,8,5,3
Siitonen,Simo,J19,1,8,5,3
Vuorinen,Kimmo,J19,1,8,5,3
Holm,Klaus,J19,1,8,4,4
Kiesiläinen,Miia,J19,1,8,4,4
Neuvo,Pekka,J19,1,8,4,4
Nieminen,Riku,J19,1,8,4,4
Oivio,Juhana,J19,1,8,4,4
Talonen,Mikko,J19,1,8,4,4
Tani,Peter,J19,1,8,4,4
Tuurihalme,Olli,J19,1,8,4,4
Brown,Milo,J19,1,8,3,5
Cederlöf,Leevi,J19,1,8,3,5
Granström,Karl,J19,1,8,3,5
Heikkinen,Hanna,J19,1,8,3,5
Hurtig,Petrus,J19,1,8,3,5
Huttunen,Henri,J19,1,8,3,5
Jalo-Salokangas,Katri,J19,1,8,3,5
Junttu,Jaakko,J19,1,8,3,5
Kangasluoma,Petteri,J19,1,8,3,5
Karpansalo,Saska,J19,1,8,3,5
Kumpulainen,Kasper,J19,1,8,3,5
Kuusivaara,Marina,J19,1,8,3,5
Metsälä,Mikael,J19,1,8,3,5
Nagy,Aarni,J19,1,8,3,5
Pitkänen,Juho,J19,1,8,3,5
Schmiedehausen,Kim,J19,1,8,3,5
Siikki,Miika,J19,1,8,3,5
Tähti,Miiro,J19,1,8,3,5
Tanninen,Jussi,J19,1,8,3,5
Viertiö,Tyko,J19,1,8,3,5
Wickström,Waltteri,J19,1,8,3,5
Arasto,Lauri,J19,1,8,2,6
Jalkanen,Tero,J19,1,8,2,6
Kainulainen,Kristiina,J19,1,8,2,6
Kuronen,Artturi,J19,1,8,2,6
Littunen,Jenni,J19,1,8,2,6
Luntzen,Daniel,J19,1,8,2,6
Mäki,Jukka,J19,1,8,2,6
Muhli,Tommi,J19,1,8,2,6
Rintala,Perttu,J19,1,8,2,6
Tainio,Iiro,J19,1,8,2,6
Tamminen,Pasi,J19,1,8,2,6
Hästbacka,Mikael,J19,1,7,3,4
Österman,Jan,J19,1,7,3,4
Pesonen,Pasi,J19,1,7,3,4
Forsman,Kai,J19,1,6,4,2
Heinonen,Aki,J19,1,6,4,2
Iivonen,Timo,J19,1,6,4,2
Järvinen,Antti,J19,1,6,4,2
Nurminen,Juha,J19,1,6,4,2
Paananen,Mikko,J19,1,6,4,2
Pensala,Esa,J19,1,6,4,2
Punakivi,Jarkko,J19,1,6,4,2
Rantalainen,Ari,J19,1,6,4,2
Rytsölä,Olli,J19,1,6,4,2
Saarinen,Hannu,J19,1,6,4,2
Sääskilahti,Pekka,J19,1,6,4,2
Tukia,Jonne,J19,1,6,4,2
Venäläinen,Jarno,J19,1,6,4,2
Vuorenmaa,Tommi,J19,1,6,4,2
Asikainen,Toni,J19,1,6,3,3
Marsio,Mikko,J19,1,6,3,3
Noponen,Jukka,J19,1,6,3,3
Vuorinen,Pasi,J19,1,6,3,3
Jalovaara,Tuomo,J19,1,6,1,5
Manninen,Jere,J19,1,6,1,5
Budde,Petri,J19,1,5,4,1
Järvinen,Marko,J19,1,5,4,1
Johansson,Peik,J19,1,5,4,1
Joutsikoski,Matti,J19,1,5,4,1
Kahlos,Hannu,J19,1,5,4,1
Karanoja,Jukka,J19,1,5,4,1
Koski,Riku,J19,1,5,4,1
Latvasalo,Mikael,J19,1,5,4,1
Paananen,Kari,J19,1,5,4,1
Rönkkö,Jyrki,J19,1,5,4,1
Saastamoinen,Jari,J19,1,5,4,1
Tele,Tom,J19,1,5,4,1
Airikka,Tatu,J19,1,3,1,2
Dellaspina,Tomi,J19,1,3,1,2
Kunnas,Kasperi,J19,1,3,1,2
Rajala,Juho,J19,1,3,1,2
Rentto,Olga,J19,1,3,1,2
Toikka,Taneli,J19,1,3,1,2
Grym,Aleksi,MAS,3,24,15,9
Kontiainen,Olli,MAS,3,24,15,9
Miettinen,Marko,MAS,3,24,15,9
Suoranta,Mikael,MAS,3,24,15,9
Glantz,Martin,MAS,2,16,11,5
Kinnunen,Tomi,MAS,2,16,11,5
Kitinoja,Jari-Pekka,MAS,2,16,11,5
Kuusinen,Janne,MAS,2,16,11,5
Saarinen,Hannu,MAS,2,16,11,5
Vaskio,Timo,MAS,2,16,11,5
Kukkonen,Jouni,MAS,2,16,10,6
Mäki,Eerikki,MAS,2,16,10,6
Manninen,Jere,MAS,2,16,10,6
Ranta,Pekka,MAS,2,16,9,7
Toppila,Ville,MAS,2,16,9,7
Villi,Mikko,MAS,2,16,9,7
Helin,Janne,MAS,2,13,7,6
Kajaste,Matti,MAS,2,13,7,6
Neuvo,Pekka,MAS,2,13,7,6
Rouhiainen,Juri,MAS,2,13,7,6
Tiihonen,Eetu,MAS,2,13,7,6
Vehtari,Aki,MAS,2,13,7,6
Jalovaara,Juha,MAS,1,8,6,2
Koivikko,Jari,MAS,1,8,6,2
Rantalainen,Ari,MAS,1,8,6,2
Väänänen,Heikki,MAS,1,8,6,2
Erkinheimo,Markus,MAS,1,8,5,3
Lehto,Tommi,MAS,1,8,5,3
Lemettinen,Timo,MAS,1,8,5,3
Oivio,Juhana,MAS,1,8,5,3
Olvio,Teemu,MAS,1,8,5,3
Öunap,Peetu,MAS,1,8,5,3
Purho,Sasu,MAS,1,8,5,3
Toivonen,Tommi,MAS,1,8,5,3
Heger,Andreas,MAS,1,8,4,4
Hirvonen,Juha,MAS,1,8,4,4
Korhonen,Marko,MAS,1,8,4,4
Kotola,Jyrki,MAS,1,8,4,4
Lamberg,Raine,MAS,1,8,4,4
Niemenmaa,Mika,MAS,1,8,4,4
Suurnäkki,Matti,MAS,1,8,4,4
Suurnäkki,Olli,MAS,1,8,4,4
Varo,Ville,MAS,1,8,4,4
Modenius,Henri,MAS,1,5,2,3
Nora,Markus,MAS,1,5,2,3
Nykänen,Viljami,MAS,1,5,2,3
Paatola,Timo,MAS,1,5,2,3
Pämppi,Vesa,MAS,1,5,2,3
Pirttijärvi,Aki,MAS,1,5,2,3
Rämö,Ilkka,MAS,1,5,2,3
Rättö,Tommi,MAS,1,5,2,3
Santtila,Juha,MAS,1,5,2,3
Sirkka,Tuomo,MAS,1,5,2,3
Sorsa,Miitrei,MAS,1,5,2,3
Tukiainen,Antti,MAS,1,5,2,3
von Wright,Lauri,MAS,1,5,2,3
Wiklund,Antti,MAS,1,5,2,3
Rantalainen,Ari,MIX,4,33,18,15
Kalliokoski,Teemu,MIX,3,31,12,19
Lehtimäki,Juho,MIX,3,31,12,19
Anttila,Eero,MIX,4,30,11,19
Havinen,Janne,MIX,3,30,10,20
Hietanen,Sara,MIX,3,30,10,20
Saarinen,Jyri,MIX,3,30,10,20
Laitila,Anna-Mari,MIX,3,29,16,13
Oivio,Juhana,MIX,3,28,13,15
Saloila,Mikko,MIX,3,28,8,20
Grym,Aleksi,MIX,2,22,14,8
Berg,Kirsi,MIX,3,21,9,12
Kallinen,Soile,MIX,3,21,9,12
Pämppi,Vesa,MIX,3,21,9,12
Träskbacka,Marjaana,MIX,3,21,9,12
Kitusuo,Jussi,MIX,2,21,6,15
Linden,Ville,MIX,2,21,6,15
Porvari,Jenna,MIX,2,21,6,15
Ruuskanen,Jukka,MIX,2,21,6,15
Karpansalo,Saska,MIX,2,20,8,12
Mikonaho,Heini,MIX,2,20,8,12
Paunonen,Heidi,MIX,2,20,8,12
Pfister,Thomas,MIX,2,20,8,12
Rintamäki,Karoliina,MIX,2,20,8,12
Ropo,Veera,MIX,2,20,8,12
Häkkilä,Antti,MIX,2,19,11,8
Juhola,Hanna,MIX,2,19,6,13
Lappalainen,Laura,MIX,2,19,6,13
Myllymäki,Jonna,MIX,2,19,6,13
Ranki,Emmi,MIX,2,19,6,13
Räsänen,Henna-Kaisa,MIX,2,19,6,13
Ropo,Aki,MIX,2,19,6,13
Erkinheimo,Markus,MIX,2,18,11,6
Lamberg,Raine,MIX,2,18,11,6
Rauramo,Suvi,MIX,2,18,11,6
Elonheimo,Antti,MIX,2,18,10,8
Laakkonen,Konstantin,MIX,2,18,10,8
Sorsa,Miitrei,MIX,2,18,6,12
Kuusivaara,Marina,MIX,2,17,7,10
Nevalainen,Sisko,MIX,2,17,7,10
Roush,Gavin,MIX,2,17,7,10
Hakkola,Tero,MIX,2,17,6,11
Salo,Mira,MIX,2,17,6,11
Karhulahti,Heli,MIX,3,17,5,12
Hokkanen,Hanna,MIX,2,16,6,10
Jokinen,Juha,MIX,2,16,6,10
Rämö,Ilkka,MIX,2,16,6,10
Carlberg,Sara,MIX,2,15,4,10
Hästbacka,Pirjo,MIX,1,12,9,3
Hemminki,Liina,MIX,1,12,9,3
Jalo-Salokangas,Katri,MIX,1,12,9,3
Kääntee-Valkama,Pauliina,MIX,1,12,9,3
Lehto,Tuuli,MIX,1,12,9,3
Miettinen,Marko,MIX,1,12,9,3
Niemenmaa,Mika,MIX,1,12,9,3
Pesola,Hanna,MIX,1,12,9,3
Tuominen,Katja,MIX,1,12,9,3
Autio,Kia,MIX,1,11,4,7
Forsbom,Emil,MIX,1,11,4,7
Haapala,Vera,MIX,2,11,4,7
Hurme,Saara,MIX,1,11,4,7
Iskanius,Rami,MIX,1,11,4,7
Kalpala,Jarna,MIX,1,11,4,7
Kinnunen,Raine,MIX,1,11,4,7
Knuuttila,Anssi,MIX,1,11,4,7
Kokkonen,Sini,MIX,1,11,4,7
Lehikoinen,Topi,MIX,1,11,4,7
Nagy,Aarni,MIX,1,11,4,7
Näsänen,Eevi,MIX,1,11,4,7
Päällysaho,Elias,MIX,1,11,4,7
Pajunen,Markku,MIX,1,11,4,7
Palojärvi,Anna,MIX,2,11,4,7
Pekkola,Heidi,MIX,2,11,4,7
Rantanen,Teemu,MIX,1,11,4,7
Rouhiainen,Juri,MIX,2,11,4,7
Salmela,Emmastiina,MIX,1,11,4,7
Salmela,Jasmiina,MIX,1,11,4,7
Tähti,Miiro,MIX,1,11,4,7
Teräväinen,Terhi,MIX,1,11,4,7
Ujainen,Johanna,MIX,1,11,4,7
Väänänen,Heikki,MIX,2,11,4,7
Valkola,Anni,MIX,1,11,4,7
Videman,Emil,MIX,1,11,4,7
Wuolamo,Jutta,MIX,1,11,4,7
Arens,Mirjam,MIX,1,10,5,5
Kajamaa,Suvi,MIX,1,10,5,5
Koivula,Johanna,MIX,1,10,5,5
Kontiainen,Olli,MIX,1,10,5,5
Laukkanen,Pekka,MIX,1,10,5,5
Littunen,Jenni,MIX,1,10,5,5
Pehkonen,Roope,MIX,1,10,5,5
Simpanen,Susanna,MIX,1,10,5,5
Andre,Virge,MIX,1,10,2,8
Hornsby,Adrian,MIX,1,10,2,8
Idänheimo,Timo,MIX,1,10,2,8
Korhonen,Kaisa,MIX,1,10,2,8
Kuronen,Artturi,MIX,1,10,2,8
Miettinen,Natalia,MIX,1,10,2,8
Mikkonen,Hanna,MIX,1,10,2,8
Moilanen,Anni,MIX,1,10,2,8
Moilanen,Tarja,MIX,1,10,2,8
Palomäki,Tommi,MIX,1,10,2,8
Pohjola,Tuuli,MIX,1,10,2,8
Rand,Tero,MIX,1,10,2,8
Roimela,Pasi,MIX,1,10,2,8
Santtila,Juha,MIX,1,10,2,8
Savela,Leena,MIX,1,10,2,8
Seppänen,Heidi,MIX,1,10,2,8
Isojärvi,Henry,MIX,1,9,4,5
Lehtinen,Tatu,MIX,1,9,4,5
Lehto,Santtu,MIX,1,9,4,5
Manner,Veera,MIX,1,9,4,5
Modenius,Henri,MIX,1,9,4,5
Nissinen,Milla,MIX,1,9,4,5
Pietilä,Kirsi,MIX,1,9,4,5
Ratilainen,Mickey,MIX,1,9,4,5
Saastamoinen,Jesse,MIX,1,9,4,5
Saloila,Meri,MIX,1,9,4,5
Vuolamo,Jutta,MIX,1,9,4,5
Anttila,Terhi,MIX,1,9,2,7
Falck,Petri,MIX,1,9,2,7
Hakkola,Terhi,MIX,1,9,2,7
Huovinen,Elina,MIX,1,9,2,7
Jolula,Jari,MIX,1,9,2,7
Kaakinen,Pekka,MIX,1,9,2,7
Littunen,Niko,MIX,1,9,2,7
Marttinen,Annariikka,MIX,1,9,2,7
Nevalainen,Katja,MIX,1,9,2,7
Niittynen,Martta,MIX,1,9,2,7
Rättö,Tiina,MIX,1,9,2,7
Siltaloppi,Marjo,MIX,1,9,2,7
Vaahtoranta,Ilkka,MIX,1,9,2,7
Haas,Getten,MIX,1,8,2,6
Kahri,Antti,MIX,1,8,2,6
Kekki,Eerika,MIX,1,8,2,6
Lappalainen,Maija,MIX,1,8,2,6
Lehtonen,Alexander,MIX,1,8,2,6
Leskinen,Vesa,MIX,1,8,2,6
Pursiainen,Elisa,MIX,1,8,2,6
Sihvonen,Satu,MIX,1,8,2,6
Siitonen,Ari,MIX,1,8,2,6
Skogberg,Atte,MIX,1,8,2,6
Suutari,Timo,MIX,1,8,2,6
Tarvus,Valtteri,MIX,1,8,2,6
Venho,Veera,MIX,1,8,2,6
Viitala,Mikko,MIX,1,8,2,6
Viljanen,Salla,MIX,1,8,2,6
Huhtala,Jyri,MIX,1,7,2,5
Kima,Riitta-Liisa,MIX,1,7,2,5
Pyhtilä,Jani,MIX,1,7,2,5
Asikainen,Toni,MIX,1,6,2,3
Jääskeläinen,Petri,MIX,1,6,2,3
Kosonen,Katja,MIX,1,6,2,3
Vaskio,Timo,MIX,1,6,2,3
Wickström,Sara,MIX,1,6,2,3
Ylönen,Reija,MIX,1,6,2,3
Hiitola,Fiina,MIX,1,6,1,5
Lehto,Tommi,MIX,1,6,1,5
Oksanen,Jenni,MIX,1,6,1,5
Öunap,Peetu,MIX,1,6,1,5
Sihto,Paula,MIX,1,6,1,5
Jalovaara,Juha,OPN,24,187,141,44
Vaskio,Timo,OPN,19,167,120,45
Ranta,Pekka,OPN,21,166,121,43
Lamberg,Raine,OPN,21,165,124,39
Suomela,Hartti,OPN,15,125,88,37
Lehto,Tommi,OPN,13,121,83,38
Alperi,Eero,OPN,14,101,73,26
Asikainen,Toni,OPN,11,98,66,32
Mäkinen,Jari,OPN,11,95,73,20
Pesonen,Pasi,OPN,11,93,70,21
Koivula,Kai,OPN,13,92,67,23
Rinne,Johan,OPN,11,86,65,19
Jalovaara,Tuomo,OPN,8,82,60,20
Suurnäkki,Matti,OPN,9,81,61,20
Nevalainen,Ville,OPN,9,81,56,25
Manninen,Jouni,OPN,12,80,60,20
Bondestam,Sebastian,OPN,13,80,59,19
Elonheimo,Antti,OPN,8,80,44,36
Haaramo,Ville,OPN,9,78,49,29
Tapiovaara,Jouni,OPN,12,77,57,18
Tamminen,Pasi,OPN,8,77,43,34
Saarinen,Hannu,OPN,8,69,46,23
Korpela,Klaus,OPN,10,67,47,18
Kinnunen,Kimmo,OPN,7,67,39,28
Ylönen,Tommi,OPN,7,67,39,28
Kauppinen,Jukka,OPN,9,64,47,15
Jokinen,Juha,OPN,7,63,35,28
Holopainen,Sami,OPN,7,60,37,23
Haaramo,Topi,OPN,7,59,35,24
Öunap,Peetu,OPN,7,59,35,24
Pulakka,Juho,OPN,6,58,30,28
Bischoff,Johan,OPN,8,57,40,15
Niemenmaa,Mika,OPN,5,50,38,12
Pensala,Esa,OPN,6,50,30,20
Rämö,Ilkka,OPN,6,48,28,20
Hotari,Roni,OPN,5,48,22,26
Kinnunen,Pekka,OPN,5,48,22,26
Niini,Erkka,OPN,5,48,22,26
Jääskeläinen,Petri,OPN,5,46,31,15
Mykkänen,Ville,OPN,5,46,29,17
Tiittanen,Heikki,OPN,5,46,29,17
Kontiainen,Olli,OPN,5,44,35,9
Isola,Petri,OPN,5,44,31,11
Rautiainen,Antti,OPN,6,43,30,11
Repo,Ari,OPN,4,43,29,14
Suurnäkki,Olli,OPN,4,41,30,11
Spoof,Harri,OPN,6,41,29,10
Neuvo,Pekka,OPN,5,40,23,17
Kuusakoski,Timo,OPN,4,39,27,12
Erkinheimo,Markus,OPN,5,39,25,14
Saksa,Lauri,OPN,4,38,17,21
Sihvo,Jarno,OPN,4,38,17,21
Arpia,Klaus,OPN,6,37,27,10
Peltola,Jouni,OPN,5,37,27,10
Paanasalo,Mikko,OPN,4,37,21,16
Kokkonen,Tatu,OPN,4,37,17,20
Laakkonen,Konstantin,OPN,4,36,22,14
Rättö,Tommi,OPN,4,35,22,13
Varo,Ville,OPN,4,34,27,7
Bruns,Timo,OPN,5,34,25,9
Pesonen,Petteri,OPN,4,32,26,6
Häkkilä,Antti,OPN,4,32,24,8
Lönnfors,Paul,OPN,4,32,22,8
Bruns,Tomi,OPN,4,31,24,7
Punkari,Mika,OPN,4,31,24,7
Suormala,Mikko,OPN,4,31,23,8
Kajaste,Matti,OPN,3,31,19,12
Vaahtoranta,Ilkka,OPN,3,31,16,15
Knuuttila,Ville,OPN,3,31,14,17
Manninen,Jere,OPN,3,30,22,8
Sandberg,Tomi,OPN,3,30,13,17
Tanska,Tuomas,OPN,3,27,21,6
Päällysaho,Elias,OPN,3,27,13,14
Joukainen,Eetu,OPN,3,27,12,15
Kallio,Lassi,OPN,3,27,12,15
Potrykus,Patrick,OPN,3,27,12,15
Väänänen,Touko,OPN,3,27,12,15
Ylen-Julin,Mika,OPN,4,26,20,6
Budde,Petri,OPN,4,26,18,8
Kerttula,Janne,OPN,3,24,19,5
Kankkunen,Marko,OPN,3,24,18,6
Kiiskinen,Ari,OPN,3,24,18,6
Arimo,Tapio,OPN,2,22,17,5
Hirvonen,Juha,OPN,2,22,17,5
Sorsa,Miitrei,OPN,2,22,12,10
Ervamaa,Johannes,OPN,2,21,16,5
Oivio,Juhana,OPN,2,21,14,7
Kumagai,Ryo,OPN,2,21,12,9
Brunila,Totti,OPN,2,21,10,11
Hänninen,Juha,OPN,2,21,10,11
Wiklund,Antti,OPN,2,21,10,11
Hyttinen,Mika,OPN,2,20,14,6
Taivalkoski,Jaakko,OPN,2,20,14,6
Ylä-Rautio,Jaakko,OPN,2,20,14,6
Heikkinen,Jari,OPN,2,20,12,8
Mourujärvi,Mikko,OPN,2,20,12,8
Rantalaiho,Juho,OPN,2,20,12,8
Suomalainen,Juha,OPN,2,20,12,8
Sutela,Ismo,OPN,2,20,9,11
Makkonen,Tuomas,OPN,2,19,16,3
Heinonen,Mika,OPN,2,19,13,4
Nevanlinna,Mikko,OPN,2,19,13,6
Piippo,Petri,OPN,2,19,13,6
Ristaniemi,Juhani,OPN,2,19,13,4
Glantz,Martin,OPN,2,19,12,7
Villi,Mikko,OPN,2,19,12,7
Siitonen,Juho,OPN,2,19,10,9
Siitonen,Simo,OPN,2,19,10,9
Wrede,Cedric,OPN,4,18,12,6
Palomäki,Tommi,OPN,2,18,9,9
Saarinen,Jyri,OPN,2,18,9,9
Niemi,Tuomas,OPN,2,17,9,8
Kitusuo,Jussi,OPN,2,17,8,9
Koistinen,Tuukka,OPN,2,17,8,9
Lehto,Santtu,OPN,2,17,8,9
Saastamoinen,Jesse,OPN,2,17,8,9
Vuorio,Oskari,OPN,2,17,8,9
Johansson,Peik,OPN,2,15,11,4
Kahlos,Hannu,OPN,2,15,11,4
Rantalainen,Ari,OPN,2,13,8,5
Roimela,Pasi,OPN,1,12,10,2
Huhtanen,Ari,OPN,2,12,9,3
Luoma,Timo,OPN,2,12,8,4
Härkönen,Markku,OPN,1,11,9,2
Taponen,Esa,OPN,1,11,9,2
Sirkka,Tuomo,OPN,1,11,7,4
Haapala,Jukka,OPN,1,11,5,6
Kuronen,Artturi,OPN,1,11,5,6
Parkkinen,Juuso,OPN,1,11,5,6
Pehkonen,Roope,OPN,1,11,5,6
Ratilainen,Mickey,OPN,1,11,5,6
Kärkkäinen,Joakim,OPN,1,10,8,2
Karvonen,Sakari,OPN,1,10,7,3
Lång,Jukka,OPN,1,10,7,3
Kalliokoski,Teemu,OPN,1,10,5,5
Airistola,Jimi,OPN,1,10,4,6
Leinonen,Einari,OPN,1,10,4,6
Ranta,Akseli,OPN,1,10,4,6
Säilynoja,Teemu,OPN,1,10,4,6
Savolainen,Jerry,OPN,1,10,4,6
Tainio,Iiro,OPN,1,10,4,6
Tiihonen,Eetu,OPN,1,10,4,6
Vitikainen,Mikael,OPN,1,10,4,6
Winqvist,Ilja,OPN,1,10,4,6
Haapiainen,Petri,OPN,1,9,5,4
Rouhiainen,Juri,OPN,1,9,5,4
Räikkönen,Timo,OPN,1,7,5,2
Tuominen,Tony,OPN,1,7,5,2
Brown,Milo,OPN,1,7,4,3
Junttu,Jaakko,OPN,1,7,4,3
Lehtimäki,Juho,OPN,1,7,4,3
Pfister,Thomas,OPN,1,7,4,3
Kaartamo,Esa,OPN,1,5,4,1
Laitinen,Timo,OPN,1,5,4,1
Mannermaa,Eero,OPN,1,5,4,1
Miettinen,Kari,OPN,1,5,4,1
Nukari,Heikki,OPN,1,5,4,1
Pohjalainen,Ari,OPN,1,5,4,1
Rania,Urmas,OPN,1,5,4,1
Rekonen,Osmo,OPN,1,5,4,1
Rekonen,Seppo,OPN,1,5,4,1
Timonen,Marko,OPN,1,5,4,1
Kaivola,Kari,OPN,1,5,3,2
Palmroos,Pasi,OPN,1,5,2,1
Ryhänen,Reima,OPN,1,4,3,1
Noponen,Jukka,OPN,1,3,2,1
Chen,Jim,U23,1,9,5,4
Forsbom,Emil,U23,1,9,5,4
Kallio,Lassi,U23,1,9,5,4
Kalliokoski,Teemu,U23,1,9,5,4
Kinnunen,Pekka,U23,1,9,5,4
Knuuttila,Ville,U23,1,9,5,4
Kuisma,Matias,U23,1,9,5,4
Kuronen,Artturi,U23,1,9,5,4
Lehtinen,Tatu,U23,1,9,5,4
Linden,Ville,U23,1,9,5,4
Nieminen,Joni,U23,1,9,5,4
Niini,Erkka,U23,1,9,5,4
Pfister,Thomas,U23,1,9,5,4
Rand,Tero,U23,1,9,5,4
Saarinen,Jyri,U23,1,9,5,4
Saksa,Lauri,U23,1,9,5,4
Sandberg,Tomi,U23,1,9,5,4
Tiittanen,Paavo,U23,1,9,5,4
Ylä-Autio,Anton,U23,1,9,5,4
Sihto,Paula,WMN,9,93,62,31
Rajala,Pirjo,WMN,11,89,62,27
Oksanen,Jenni,WMN,8,82,59,23
Kohonen,Tuija,WMN,10,79,60,17
Mantere,Milla,WMN,7,72,50,22
Hiitola,Fiina,WMN,7,67,49,18
Salmikivi,Laura,WMN,6,65,47,18
Lehto,Tuuli,WMN,7,65,45,20
Karessuo,Anna-Kaisa,WMN,6,65,44,21
Tanskanen,Henna,WMN,6,65,44,21
Ylönen,Reija,WMN,6,62,46,16
Jokinen,Jutta,WMN,7,61,47,12
Rauramo,Suvi,WMN,6,60,43,17
Tenkanen,Maija,WMN,7,56,44,10
Koppinen,Janina,WMN,7,55,40,13
Niemi,Marja-Riitta,WMN,5,50,33,17
Wickström,Sara,WMN,5,50,33,17
Niini,Kata,WMN,5,50,29,21
Inkinen,Essi,WMN,5,50,28,22
Hästbacka,Pirjo,WMN,5,48,33,15
Koppinen,Marina,WMN,6,47,35,10
Nissinen,Päivi,WMN,6,47,32,15
Härkönen,Katri,WMN,6,47,31,14
Jokinen,Marja,WMN,6,46,37,9
Wrede,Elisabeth,WMN,6,46,37,9
Raasakka,Anu,WMN,6,46,31,15
Ranta,Pekka,WMN,5,45,31,14
Rämö,Kaisa,WMN,4,44,35,9
Jouhki,Julia,WMN,5,44,29,15
Hyypöläinen,Elina,WMN,5,44,27,17
Kallinen,Soile,WMN,5,43,30,11
Simpanen,Susanna,WMN,5,41,27,14
Salminen,Johanna,WMN,5,41,26,15
Surakka,Susanna,WMN,4,41,22,19
Kosonen,Katja,WMN,4,40,28,12
Saarinen,Jonna,WMN,5,40,24,16
Kiili,Ulla,WMN,4,40,23,17
Leino,Maija,WMN,4,40,23,17
Ahlström,Maria,WMN,5,39,32,7
Lappalainen,Karoliina,WMN,4,39,22,17
Kima,Riitta-Liisa,WMN,5,38,24,14
Hämäläinen,Hanne,WMN,5,36,24,12
Hatakka,Sigrid,WMN,4,35,28,5
Elonheimo,Marja,WMN,4,35,26,9
Jalovaara,Henna,WMN,4,35,23,12
Kääntee-Valkama,Pauliina,WMN,4,35,22,13
Kahlos,Laura,WMN,4,34,22,12
Lönnfors,Lena,WMN,4,33,26,7
Furka-Elenius,Csilla,WMN,3,33,16,17
Lehtinen,Pauliina,WMN,3,32,18,14
Jalo-Salokangas,Katri,WMN,3,31,24,7
Syvälä,Riitta,WMN,3,31,24,7
Känsälä,Aino,WMN,3,31,16,15
Koskenvuo,Mira,WMN,3,30,17,13
Räsänen,Henna-Kaisa,WMN,3,29,22,7
Viheriävaara,Petra,WMN,4,29,21,6
Kalpala,Jarna,WMN,3,29,17,12
Varpasuo,Laura,WMN,4,28,19,9
Ödman,Martina,WMN,4,28,15,13
Lahdensuo,Kaisla,WMN,3,26,17,9
Tuominen,Katja,WMN,3,26,17,9
Jalovaara,Hanna,WMN,3,25,21,4
Jalovaara,Juha,WMN,3,25,21,4
Ainamo,Saara,WMN,4,25,20,5
Kasanen,Ulla,WMN,3,25,18,7
Susiluoto,Sanna,WMN,3,24,15,9
Nieminen,Merja,WMN,3,24,14,10
Schildt,Maini,WMN,4,23,18,5
Tuulosniemi,Heli,WMN,3,23,16,7
Hokkanen,Hanna,WMN,2,22,19,3
Pesola,Hanna,WMN,2,22,19,3
Kuusivaara,Marina,WMN,2,22,18,4
Pekkola,Heidi,WMN,2,22,18,4
Haapala,Vera,WMN,2,22,13,9
Heikkinen,Hanna,WMN,2,22,13,9
Yli-Kyyny,Elina,WMN,2,22,10,12
Asikainen,Toni,WMN,2,21,16,5
Jääskeläinen,Tuija,WMN,3,21,16,5
Luomajoki,Katri-Helena,WMN,3,21,16,5
Putkonen,Eeva,WMN,3,21,16,5
Vänskä,Helena,WMN,3,21,16,5
Vanttaja,Maija,WMN,2,21,16,5
Kajamaa,Suvi,WMN,2,21,12,9
Lahteenmaki,Sofia,WMN,2,21,11,10
Tiira,Anna-Maija,WMN,2,21,11,10
Sariola,Raakel,WMN,2,20,12,8
Ujainen,Johanna,WMN,2,20,11,9
Jokinen,Anni,WMN,2,19,12,7
Rekola,Merituuli,WMN,2,19,12,7
Wessman,Inka,WMN,2,19,12,7
Sallinen,Tiina,WMN,2,18,16,2
Suominen,Nina,WMN,2,18,16,2
Schalin,Desiree,WMN,2,18,14,4
Atva,Kerttuli,WMN,2,18,13,5
Basilier,Krista,WMN,2,18,12,6
Nortesuo,Nina,WMN,2,17,12,5
Rentto,Olga,WMN,2,17,12,5
Juusela,Jarna,WMN,2,17,10,7
Nevalainen,Sisko,WMN,2,17,10,7
Tuulensuu,Eija,WMN,2,15,11,4
Glantz,Martin,WMN,2,15,9,6
Holappa,Taina,WMN,2,14,10,4
Carlberg,Sara,WMN,1,12,8,4
Niemenmaa,Mika,WMN,2,12,7,5
Antinoja,Anna-Kaisa,WMN,1,12,5,7
Marttinen,Annariikka,WMN,1,12,5,7
Tikkunen,Anni,WMN,1,12,5,7
Valkola,Anni,WMN,1,12,5,7
Wuolamo,Jutta,WMN,1,12,5,7
Hänninen,Terhi,WMN,1,11,7,4
Laurila,Noora,WMN,1,11,7,4
Nykänen,Soila,WMN,1,11,7,4
Palojärvi,Anna,WMN,1,11,7,4
Hänninen,Milka,WMN,1,11,6,5
Helminen,Meeri,WMN,1,11,6,5
Kekki,Eerika,WMN,1,11,6,5
Martus,Mariia,WMN,1,11,6,5
Noponen,Maria,WMN,1,11,6,5
Obraztcova,Liubov,WMN,1,11,6,5
Pursiainen,Elisa,WMN,1,11,6,5
Rantanen,Katariina,WMN,1,11,6,5
Reunanen,Vappu,WMN,1,11,6,5
Teräväinen,Terhi,WMN,1,11,6,5
Lundström,Heli,WMN,1,10,8,2
Tuokko,Riikka,WMN,1,10,8,2
Vuorela,Susanna,WMN,1,10,8,2
Björkman,Titti,WMN,2,10,7,3
Bruns,Timo,WMN,1,10,7,3
Lammi,Erja,WMN,1,10,7,1
Rautavaara,Kirsti,WMN,1,10,7,3
Spoof,Harri,WMN,2,10,7,3
Ylipiha,Riitta,WMN,1,10,7,1
Hemminki,Liina,WMN,1,10,5,5
Koivikko,Tarja,WMN,1,10,5,5
Kopola,Riinamari,WMN,1,10,5,5
Leino,Sanna-Maija,WMN,1,10,5,5
Saarinen,Meri,WMN,1,10,5,5
Pienihäkkinen,Laura,WMN,1,9,6,3
Eskola,Jonna,WMN,1,9,5,4
Manni,Essi,WMN,1,9,5,4
Adams,Jason,WMN,1,8,6,2
Ala-Mikkula,Anni,WMN,1,8,6,2
Hotari,Roni,WMN,1,8,6,2
Hurme,Saara,WMN,1,8,6,2
Manner,Veera,WMN,1,8,6,2
Peltonen,Emma,WMN,1,8,6,2
Pfister,Raakel,WMN,1,8,6,2
Viljanen,Milla,WMN,1,8,6,2
Gabrielsson,Tua-Maria,WMN,1,8,5,3
Laitila,Anna-Mari,WMN,1,8,5,3
Manni,Kati,WMN,1,8,5,3
Österman,Charlotta,WMN,1,7,5,2
Pettersson,Nina,WMN,1,7,5,2
Saarikoski,Sirkku,WMN,1,7,5,2
Parmas,Mari-Liis,WMN,1,7,4,3
Tiainen,Susanna,WMN,1,4,4,0
Kurki,Milja,WMN,1,2,2,0
Antinoja,Anna-Kaisa,WMS,2,15,9,6
Elonheimo,Marja,WMS,2,15,9,6
Hästbacka,Pirjo,WMS,2,15,9,6
Jouhki,Julia,WMS,2,15,9,6
Kasurinen,Minna,WMS,2,15,9,6
Kuusivaara,Marina,WMS,2,15,9,6
Lindholm,Riikka,WMS,2,15,9,6
Malinen,Heidi,WMS,2,15,9,6
Neuvo,Hanna,WMS,2,15,9,6
Niini,Ella,WMS,2,15,9,6
Perttula,Sonja,WMS,2,15,9,6
Pesola,Hanna,WMS,2,15,9,6
Rämö,Kaisa,WMS,2,15,9,6
Sahlsten,Sonja,WMS,2,15,9,6
Hänninen,Terhi,WMS,1,8,5,3
Hietaniemi,Kukka-Maaria,WMS,1,8,5,3
Koski,Eva,WMS,1,8,5,3
Lappalainen,Maija,WMS,1,8,5,3
Moilanen,Tarja,WMS,1,8,5,3
Peltoniemi,Marjaana,WMS,1,8,5,3
Rättö,Tiina,WMS,1,8,5,3
Ujainen,Johanna,WMS,1,8,5,3
Furka-Elenius,Csilla,WMS,1,7,4,3
Hepa-Aho,Jonna,WMS,1,7,4,3
Lehtinen,Pauliina,WMS,1,7,4,3
Pekkola,Heidi,WMS,1,7,4,3
Ranta-Aho,Heli,WMS,1,7,4,3
Saloila,Meri,WMS,1,7,4,3
Vaahtoranta,Laura,WMS,1,7,4,3
Ylönen,Reija,WMS,1,7,4,3